1,Agfa ePhoto CL20,Agfa,Digital,Wholesale
2,Agfa ePhoto CL30,Agfa,Digital,Wholesale
3,Agfa ePhoto CL34,Agfa,Digital,Wholesale
4,AOL PhotoCam,AOL,Digital,Wholesale
5,Argus DC3500,Argus,Digital,Wholesale
6,Canon PowerShot 350,Canon,Digital,Wholesale
7,Canon PowerShot A5,Canon,Digital,Wholesale
8,Canon PowerShot A5 Zoom,Canon,Digital,Wholesale
9,Canon PowerShot A50Zoom,Canon,Digital,Wholesale
10,Canon PowerShot A30,Canon,Digital,Wholesale
11,Canon PowerShot A40,Canon,Digital,Wholesale
12,Canon PowerShot A100,Canon,Digital,Wholesale
13,Canon PowerShot Pro70,Canon,Digital,Wholesale
14,Canon PowerShot S10,Canon,Digital,Wholesale
15,Canon PowerShot S20,Canon,Digital,Wholesale
16,Canon PowerShot S30,Canon,Digital,Wholesale
17,Canon PowerShot S40,Canon,Digital,Wholesale
18,Canon PowerShot S100 Digital Elph,Canon,Digital,Wholesale
19,Canon PowerShot S110 Digital Elph,Canon,Digital,Wholesale
20,Canon PowerShot S200 Digital Elph,Canon,Digital,Wholesale
21,Canon PowerShot S300 Digital Elph,Canon,Digital,Wholesale
22,Canon PowerShot S330 Digital Elph,Canon,Digital,Wholesale
23,Canon PowerShot G1,Canon,Digital,Wholesale
24,Canon PowerShot G2,Canon,Digital,Wholesale
25,Canon PowerShot Pro90IS,Canon,Digital,Wholesale
26,Canon EOS-D30,Canon,Digital,Wholesale
27,Canon EOS-D60,Canon,Digital,Wholesale
28,Canon EOS-1D,Canon,Digital,Wholesale
29,Canon EOS-1Ds,Canon,Digital,Wholesale
30,Casio QV-3EX,Casio,Digital,Wholesale
31,Casio QV-700,Casio,Digital,Wholesale
32,Casio QV-770,Casio,Digital,Wholesale
33,Casio QV-780,Casio,Digital,Wholesale
34,Casio QV-7000SX,Casio,Digital,Wholesale
35,Casio QV-2000UX,Casio,Digital,Wholesale
36,Casio QV-2300UX,Casio,Digital,Wholesale
37,Casio QV-2800UX,Casio,Digital,Wholesale
38,Casio QV-8000SX,Casio,Digital,Wholesale
39,Casio QV-5500SX,Casio,Digital,Wholesale
40,Casio QV-3000EX,Casio,Digital,Wholesale
41,Casio QV-4000,Casio,Digital,Wholesale
42,Casio GV-10,Casio,Digital,Wholesale
43,Concord Eye-Q 2100,Concord,Digital,Wholesale
44,Concord Eye-Q 3100 AF,Concord,Digital,Wholesale
45,Contax N Digital,Contax,Digital,Wholesale
46,Daisy PhotoClip,Daisy,Digital,Wholesale
47,Epson Colorio CP-800,Epson,Digital,Wholesale
48,Epson CP-500,Epson,Digital,Wholesale
49,Epson PhotoPC 600,Epson,Digital,Wholesale
50,Epson PhotoPC 650,Epson,Digital,Wholesale
51,Epson PhotoPC 700,Epson,Digital,Wholesale
52,Epson PhotoPC 750Z,Epson,Digital,Wholesale
53,Epson PhotoPC 800,Epson,Digital,Wholesale
54,Epson PhotoPC 850Z,Epson,Digital,Wholesale
55,Epson PhotoPC 900,Epson,Digital,Wholesale
56,Epson PhotoPC 3000Z,Epson,Digital,Wholesale
57,Epson PhotoPC 3100Z,Epson,Digital,Wholesale
58,FujiFilm FinePix S1 Pro,FujiFilm,Digital,Wholesale
59,FujiFilm FinePix S2 Pro,FujiFilm,Digital,Wholesale
60,FujiFilm FinePix S602z,FujiFilm,Digital,Wholesale
61,Goko MacromaX DMC-1,Goko,Digital,Wholesale
62,HP PhotoSmart C20,HP,Digital,Wholesale
63,HP PhotoSmart C30,HP,Digital,Wholesale
64,HP PhotoSmart C200,HP,Digital,Wholesale
65,HP PhotoSmart 215,HP,Digital,Wholesale
66,HP PhotoSmart 315,HP,Digital,Wholesale
67,HP Photosmart 318,HP,Digital,Wholesale
68,HP PhotoSmart C500,HP,Digital,Wholesale
69,HP Photosmart 912,HP,Digital,Wholesale
70,HP Photosmart 612,HP,Digital,Wholesale
71,HP Photosmart 618,HP,Digital,Wholesale
72,HP Photosmart 715,HP,Digital,Wholesale
73,Jenoptik Jendigital JD850Z2,Jenoptik,Digital,Wholesale
74,Jenoptik Jendigital JD1500z3,Jenoptik,Digital,Wholesale
75,Jenoptik Jendigital JD4100z3,Jenoptik,Digital,Wholesale
76,JVC GC-S1,JVC,Digital,Wholesale
77,Kodak DC25,Kodak,Digital,Wholesale
78,Kodak DC120,Kodak,Digital,Wholesale
79,Kodak DC200,Kodak,Digital,Wholesale
80,Kodak DC200 Plus,Kodak,Digital,Wholesale
81,Kodak DC210,Kodak,Digital,Wholesale
82,Kodak DC210 Plus,Kodak,Digital,Wholesale
83,Kodak DC215,Kodak,Digital,Wholesale
84,Kodak DC240,Kodak,Digital,Wholesale
85,Kodak DC240i,Kodak,Digital,Wholesale
86,Kodak DC220,Kodak,Digital,Wholesale
87,Kodak DC220 Pro,Kodak,Digital,Wholesale
88,Kodak DC260,Kodak,Digital,Wholesale
89,Kodak DC260 Pro,Kodak,Digital,Wholesale
90,Kodak DC265,Kodak,Digital,Wholesale
91,Kodak DC280 Zoom,Kodak,Digital,Wholesale
92,Kodak DC290 Zoom,Kodak,Digital,Wholesale
93,Kodak Prizm XLX,Kodak,Digital,Wholesale
94,Kodak DC3400,Kodak,Digital,Wholesale
95,Kodak DC3500,Kodak,Digital,Wholesale
96,Kodak DC3600,Kodak,Digital,Wholesale
97,Kodak DC3800,Kodak,Digital,Wholesale
98,Kodak DC4800,Kodak,Digital,Wholesale
99,Kodak DC5000,Kodak,Digital,Wholesale
100,Kodak DC80,Kodak,Digital,Retail
101,Kodak DX3500,Kodak,Digital,Retail
102,Kodak DX3600,Kodak,Digital,Retail
103,Kodak DX3900,Kodak,Digital,Retail
104,Kodak DX4900,Kodak,Digital,Retail
105,Kodak DX9900 Zoom,Kodak,Digital,Retail
106,Konica DG-1,Konica,Digital,Retail
107,Konica Q-Mini,Konica,Digital,Retail
108,Konica Q-M100,Konica,Digital,Retail
109,Konoca Q-M100V,Konica,Digital,Retail
110,Konica Q-M200,Konica,Digital,Retail
111,Kyocera DR-350,Kyocera,Digital,Retail
112,Kyocera Samurai 1300DG,Kyocera,Digital,Retail
113,Kyocera Samurai 2100DG,Kyocera,Digital,Retail
114,Matsushita LK-RQ2Z,Matsushita,Digital,Retail
115,Matsushita NV-DCF3,Matsushita,Digital,Retail
116,Matsushita NV-DCF50,Matsushita,Digital,Retail
117,Matsushita LK-RQ130Z,Matsushita,Digital,Retail
118,MegaChip MPEG4 Network Camera,MegaChip,Digital,Retail
119,Microdia QuickShot,Microdia,Digital,Retail
120,Minolta Dimage 3D 1500,Minolta,Digital,Retail
121,Minolta Dimage EX 1500,Minolta,Digital,Retail
122,Minolta RD-2300,Minolta,Digital,Retail
123,Minolta RD-2300 Zoom,Minolta,Digital,Retail
124,Minolta Dimage 2330,Minolta,Digital,Retail
125,Minolta Dimage 2330 Zoom,Minolta,Digital,Retail
126,Minolta DiMAGE 5,Minolta,Digital,Retail
127,Minolta DiMAGE 7,Minolta,Digital,Retail
128,Minolta DiMAGE 7i,Minolta,Digital,Retail
129,Minolta DiMAGE S304,Minolta,Digital,Retail
130,Minolta DiMAGE S404,Minolta,Digital,Retail
131,Minolta DiMAGE E201,Minolta,Analog,Wholesale
132,Minox DC 2111,Minox,Analog,Wholesale
133,Mitsubishi DJ-1000,Mitsubishi,Analog,Wholesale
134,Mustek VDC-200,Mustek,Analog,Wholesale
135,Mustek VDC-300,Mustek,Analog,Wholesale
136,Mustek VDC-800,Mustek,Analog,Wholesale
137,Mustek VDC-3500,Mustek,Analog,Wholesale
138,NEC Picona,NEC,Analog,Wholesale
139,Nikon Coolpix 600,Nikon,Analog,Wholesale
140,Nikon Coolpix 700,Nikon,Analog,Wholesale
141,Nikon Coolpix 750,Nikon,Analog,Wholesale
142,Nikon Coolpix 775,Nikon,Analog,Wholesale
143,Nikon Coolpix 800,Nikon,Analog,Wholesale
144,Nikon Coolpix 885,Nikon,Analog,Wholesale
145,Nikon Coolpix 900,Nikon,Analog,Wholesale
146,Nikon Coolpix 910,Nikon,Analog,Wholesale
147,Nikon Coolpix 950,Nikon,Analog,Wholesale
148,Nikon Coolpix 990,Nikon,Analog,Wholesale
149,Nikon Coolpix 995,Nikon,Analog,Wholesale
150,Nikon Coolpix 2500,Nikon,Analog,Wholesale
151,Nikon Coolpix 4300,Nikon,Analog,Wholesale
152,Nikon Coolpix 4500,Nikon,Analog,Wholesale
153,Nikon Coolpix 5000,Nikon,Analog,Wholesale
154,Nikon Coolpix 5700,Nikon,Analog,Wholesale
155,Nikon D1X,Nikon,Analog,Wholesale
156,Nikon D1H,Nikon,Analog,Wholesale
157,Nikon D100,Nikon,Analog,Wholesale
158,Nikon SB E600,Nikon,Analog,Wholesale
159,Olympus C-2500L,Olympus,Analog,Wholesale
160,Olympus E-10,Olympus,Analog,Wholesale
161,Olympus E-100 RS,Olympus,Analog,Wholesale
162,Olympus E-20N,Olympus,Analog,Wholesale
163,Olympus CAMEDIA C-5050 Zoom,Olympus,Analog,Wholesale
164,Panasonic CardShot,Panasonic,Analog,Wholesale
165,Panasonic CoolShot,Panasonic,Analog,Wholesale
166,Panasonic CoolShot II,Panasonic,Analog,Wholesale
167,Panasonic NV-DFC7E,Panasonic,Analog,Wholesale
168,Panasonic PL-759,Panasonic,Analog,Wholesale
169,Panasonic PL-859,Panasonic,Analog,Wholesale
170,Panasonic PV-DC1080 (PalmCam),Panasonic,Analog,Wholesale
171,Panasonic PV-DC1580 (PalmCam),Panasonic,Analog,Wholesale
172,Panasonic PV-DC 2090,Panasonic,Analog,Wholesale
173,Panasonic PV-DC 2590,Panasonic,Analog,Wholesale
174,Panasonic Lumix DMC-LC5,Panasonic,Analog,Wholesale
175,Pentacon Exacta DC 2100,Pentacon,Analog,Wholesale
176,Pentacon Praktica DCZ 3.2,Pentacon,Analog,Wholesale
177,Pentax EI-100,Pentax,Analog,Wholesale
178,Pentax EI-200,Pentax,Analog,Wholesale
179,Pentax EI-2000,Pentax,Analog,Wholesale
180,Pentax Pro Digital SLR,Pentax,Analog,Wholesale
181,Pentax Optio 230,Pentax,Analog,Wholesale
182,Pentax Optio 330,Pentax,Analog,Wholesale
183,Pentax Optio 430,Pentax,Analog,Wholesale
184,Phoenix D1,Phoenix,Analog,Wholesale
185,Polaroid PDC-3000,Polaroid,Analog,Wholesale
186,Polaroid PDC-700,Polaroid,Analog,Wholesale
187,Polaroid MP3 Digital Camera,Polaroid,Analog,Wholesale
188,Polaroid FUN! FLASH 640CF,Polaroid,Analog,Wholesale
189,Polaroid PDC 1300,Polaroid,Analog,Wholesale
190,Polaroid PhotoMAX w/MP3,Polaroid,Analog,Wholesale
191,Polaroid PDC-2300Z,Polaroid,Analog,Wholesale
192,Polaroid PDC-1000,Polaroid,Analog,Wholesale
193,Polaroid PDC-1100,Polaroid,Analog,Wholesale
194,Polaroid PDC-2000,Polaroid,Analog,Wholesale
195,Polaroid PDC-3000,Polaroid,Analog,Wholesale
196,Polaroid PDC-700,Polaroid,Analog,Wholesale
197,Premier DC530,Premier,Analog,Wholesale
198,Premier DC620,Premier,Analog,Wholesale
199,Premier DC820,Premier,Analog,Wholesale
200,Premier DC1310,Premier,Analog,Wholesale
201,Premier DC1500,Premier,Analog,Wholesale
202,Premier DC2000,Premier,Analog,Wholesale
203,Pretec DC-1500,Pretec,Analog,Wholesale
204,Pretec DC-530,Pretec,Analog,Wholesale
205,Pretec DC-600,Pretec,Analog,Wholesale
206,Pretec DC-800,Pretec,Analog,Wholesale
207,Pretec DC-1007,Pretec,Analog,Wholesale
208,Pretec DC-2003,Pretec,Analog,Wholesale
209,PuLi DC-600,Puli,Analog,Wholesale
210,RCA CDS4100,RCA,Analog,Wholesale
211,Ricoh RDC-100,Ricoh,Analog,Wholesale
212,Ricoh RDC-i500,Ricoh,Analog,Wholesale
213,Ricoh RDC-i700,Ricoh,Analog,Wholesale
214,Rollei d7 com,Rollei,Analog,Wholesale
215,Rollei d18 com,Rollei,Analog,Wholesale
216,Rollei d33 com,Rollei,Analog,Wholesale
217,Rollei d41 com,Rollei,Analog,Wholesale
218,Rollei SLR,Rollei,Analog,Retail
219,Sampo DCE-400,Sampo,Analog,Retail
220,Samsung Digimax 30,Samsung,Analog,Retail
221,Samsung Digimax 100,Samsung,Analog,Retail
222,Samsung Digimax 150,Samsung,Analog,Retail
223,Samsung Digimax 800K,Samsung,Analog,Retail
224,Samsung Digimax 210,Samsung,Analog,Retail
225,Samsung Digimax 210SE,Samsung,Analog,Retail
226,Samsung Digimax 220,Samsung,Analog,Retail
227,Samsung Digimax 230,Samsung,Analog,Retail
228,Samsung Digimax 330,Samsung,Analog,Retail
229,Samsung Digimax 340,Samsung,Analog,Retail
230,Samsung Digimax 350SE,Samsung,Analog,Retail
231,Samsung Digimax 410,Samsung,Analog,Retail
232,Samsung SSC-410N,Samsung,Analog,Retail
233,Samsung Digimax 35 MP3,Samsung,Analog,Retail
234,Sanyo DSC SX150,Sanyo,Analog,Retail
235,Sanyo DSC VPC-SX500,Sanyo,Analog,Retail
236,Sanyo DSC VPC-SX500EX,Sanyo,Analog,Retail
237,Sanyo DSC VPC-MZ1EX,Sanyo,Analog,Retail
238,Sigma SD9 D-SLR,Sigma,Analog,Retail
239,SiPix SC-2100,SiPix,Analog,Retail
240,SiPix SC-1300,SiPix,Analog,Retail
241,SiPix SP-1300 Shoot & Share,SiPix,Analog,Retail
242,SiPix SCP-1000 Shoot & Print,SiPix,Analog,Retail
243,Sound Vision SVmini-209,Sound Vision,Analog,Retail
244,Tekom Tekcam-200,Tekom,Analog,Retail
245,UMAX DC-A1,UMAX,Analog,Retail
246,UMAX MDX-8000,UMAX,Analog,Retail
247,UMAX PhotoRun,UMAX,Analog,Retail
248,Viewcom Technology DC339F,Viewcom,Analog,Retail
249,Vivitar ViviCam 2700,Vivitar,Analog,Retail
250,Vivatar ViviCam 2750,Vivitar,Analog,Retail
251,Vivatar ViviCam 2800,Vivitar,Analog,Retail
252,Vivatar ViviCam 3200,Vivitar,Analog,Retail
253,Vivatar ViviCam 3500,Vivitar,Analog,Retail
254,Vivatar ViviCam 3615,Vivitar,Analog,Retail
255,Vivatar ViviCam 3725,Vivitar,Analog,Retail
256,Vivatar ViviCam 3825,Vivitar,Analog,Retail
257,Yashica Contax N Digital,Yashica,Analog,Retail
258,Yashica Finecam 3300,Yashica,Analog,Retail
259,Yashica KC-600,Yashica,Analog,Retail
260,Yashica Samurai 1300DG,Yashica,Analog,Retail
261,Yashica Samurai 2100DG,Yashica,Analog,Retail